Account Id,Account Login,Status,$metaType
TIM1,TIM,active,User Account
tim2,timmy,active,User Account
stark 1,stark,active,Service Account
stark 2,stark henrry,active,Service Account
user_1,Alice Johnson,active,User Account
user_2,Bob Smith,active,User Account
user_3,Charlie Brown,active,User Account
user_4,Diana Prince,inactive,User Account
user_5,Ethan Hunt,active,User Account
user_6,Fiona Green,active,User Account
user_7,George Miller,inactive,User Account
user_8,Hannah White,active,User Account
user_9,Ian Wright,active,User Account
user_10,Jessica Parker,inactive,User Account
user_11,Kevin Brown,active,User Account
user_12,Laura Lee,active,User Account
user_13,Michael Johnson,active,User Account
user_14,Nina Patel,inactive,User Account
user_15,Oscar Martinez,active,User Account
user_16,Paula Davis,active,User Account
user_17,Quincy Adams,active,User Account
user_18,Rachel Green,inactive,User Account
user_19,Sam Wilson,active,User Account
user_20,Tina Turner,active,User Account
stark 57,john doe,active,User Account
stark 34,jane smith,active,Service Account
stark 88,lisa ray,active,User Account
stark 42,max payne,active,Service Account
stark 15,clara oswald,active,User Account
stark 73,tony stark,active,Service Account
stark 29,peter parker,active,User Account
stark 61,bruce wayne,active,Service Account
stark 76,harry potter,active,User Account
stark 44,luke skywalker,active,Service Account
stark 83,susan storm,active,User Account
stark 51,tony montana,active,Service Account
stark 23,sara connor,active,User Account
stark 39,wade wilson,active,Service Account
stark 11,diana prince,active,User Account
stark 67,steve rogers,active,Service Account
stark 94,jessica jones,active,User Account
stark 32,natasha romanoff,active,Service Account
stark 78,clark kent,active,User Account
mark 21,mark paul,active,Service Account
test123,testLogin,active,Service Account
